{
  "openapi": "3.0.0",
  "info": {
    "version": "1.0.0",
    "title": "Apollonia API",
    "description": "A fundamental employee management CRUD web app to store information about employees and departments at Apollonia Dental Practice, and perform CRUD operations on the employee data, using Node.js and MongoDB."
  },
  "servers": [
    {
      "url": "http://localhost:5000"
    }
  ],
  "paths": {
    "/": {
      "get": {
        "description": "",
        "responses": {
          "200": {
            "description": "OK"
          }
        }
      }
    },
    "/api/v1/departments/": {
      "get": {
        "description": "",
        "responses": {
          "default": {
            "description": ""
          }
        }
      },
      "post": {
        "description": "",
        "responses": {
          "default": {
            "description": ""
          }
        },
        "requestBody": {
          "content": {
            "application/json": {
              "schema": {
                "type": "object",
                "properties": {
                  "name": {
                    "example": "any"
                  }
                }
              }
            }
          }
        }
      }
    },
    "/api/v1/departments/{department_id}": {
      "get": {
        "description": "",
        "parameters": [
          {
            "name": "department_id",
            "in": "path",
            "required": true,
            "schema": {
              "type": "string"
            }
          }
        ],
        "responses": {
          "default": {
            "description": ""
          }
        }
      },
      "put": {
        "description": "",
        "parameters": [
          {
            "name": "department_id",
            "in": "path",
            "required": true,
            "schema": {
              "type": "string"
            }
          }
        ],
        "responses": {
          "default": {
            "description": ""
          }
        },
        "requestBody": {
          "content": {
            "application/json": {
              "schema": {
                "type": "object",
                "properties": {
                  "name": {
                    "example": "any"
                  }
                }
              }
            }
          }
        }
      },
      "delete": {
        "description": "",
        "parameters": [
          {
            "name": "department_id",
            "in": "path",
            "required": true,
            "schema": {
              "type": "string"
            }
          }
        ],
        "responses": {
          "default": {
            "description": ""
          }
        }
      }
    },
    "/api/v1/staffs/": {
      "get": {
        "description": "",
        "responses": {
          "default": {
            "description": ""
          }
        }
      },
      "post": {
        "description": "",
        "responses": {
          "default": {
            "description": ""
          }
        },
        "requestBody": {
          "content": {
            "application/json": {
              "schema": {
                "type": "object",
                "properties": {
                  "name": {
                    "example": "any"
                  },
                  "surname": {
                    "example": "any"
                  },
                  "department_id": {
                    "example": "any"
                  }
                }
              }
            }
          }
        }
      }
    },
    "/api/v1/staffs/{staff_id}": {
      "get": {
        "description": "",
        "parameters": [
          {
            "name": "staff_id",
            "in": "path",
            "required": true,
            "schema": {
              "type": "string"
            }
          }
        ],
        "responses": {
          "default": {
            "description": ""
          }
        }
      },
      "put": {
        "description": "",
        "parameters": [
          {
            "name": "staff_id",
            "in": "path",
            "required": true,
            "schema": {
              "type": "string"
            }
          }
        ],
        "responses": {
          "default": {
            "description": ""
          }
        },
        "requestBody": {
          "content": {
            "application/json": {
              "schema": {
                "type": "object",
                "properties": {
                  "name": {
                    "example": "any"
                  },
                  "surname": {
                    "example": "any"
                  },
                  "department_id": {
                    "example": "any"
                  }
                }
              }
            }
          }
        }
      },
      "delete": {
        "description": "",
        "parameters": [
          {
            "name": "staff_id",
            "in": "path",
            "required": true,
            "schema": {
              "type": "string"
            }
          }
        ],
        "responses": {
          "default": {
            "description": ""
          }
        }
      }
    }
  },
  "components": {
    "schemas": {
      "Department": {
        "type": "object",
        "properties": {
          "name": {
            "type": "string",
            "example": "Clinical"
          }
        }
      },
      "Staff": {
        "type": "object",
        "properties": {
          "name": {
            "type": "string",
            "example": "John"
          },
          "surname": {
            "type": "string",
            "example": "Doe"
          },
          "department": {
            "$ref": "#/components/schemas/Department"
          }
        }
      }
    },
    "securitySchemes": {
      "apiKeyAuth": {
        "type": "apiKey",
        "in": "header",
        "name": "Authorization"
      }
    }
  }
}